{
    "amasty_report_builder_report": {
        "column": {
            "report_id": true,
            "name": true,
            "main_entity": true,
            "store_ids": true,
            "is_use_period": true,
            "display_chart": true,
            "chart_axis_x": true,
            "chart_axis_y": true
        },
        "constraint": {
            "PRIMARY": true
        }
    },
    "amasty_report_builder_column": {
        "column": {
            "id": true,
            "column_id": true,
            "custom_title": true,
            "report_id": true,
            "is_date_filter": true,
            "aggregation_type": true,
            "order": true,
            "filter": true,
            "visibility": true,
            "position": true
        },
        "index": {
            "AMASTY_REPORT_BUILDER_COLUMN_ID": true
        },
        "constraint": {
            "AMASTY_REPORT_BUILDER_COLUMN_REPORT_ID_COLUMN_ID": true,
            "AM_RB_CLMN_REP_ID_REP_REP_ID": true
        }
    },
    "amasty_report_builder_scheme_relation": {
        "column": {
            "scheme_id": true,
            "report_id": true,
            "source_entity": true,
            "entity": true
        },
        "index": {
            "AMASTY_REPORT_BUILDER_SCHEME_RELATION_SCHEME_ID": true
        },
        "constraint": {
            "AM_RB_SCHEM_REL_REP_ID_SRC_ENT_ENT": true,
            "AM_RB_SCHEM_REL_REP_ID_REP_REP_ID": true
        }
    },
    "amasty_report_builder_eav_index_int": {
        "column": {
            "value_id": true,
            "attribute_id": true,
            "store_id": true,
            "entity_id": true,
            "value": true,
            "source_id": true
        },
        "index": {
            "AMASTY_REPORT_BUILDER_EAV_INDEX_INT_ATTRIBUTE_ID": true,
            "AMASTY_REPORT_BUILDER_EAV_INDEX_INT_STORE_ID": true
        },
        "constraint": {
            "PRIMARY": true,
            "CATALOG_PRODUCT_ENTITY_INT_ENTITY_ID_ATTRIBUTE_ID_STORE_ID_VALUE": true
        }
    },
    "amasty_report_builder_eav_index_decimal": {
        "column": {
            "value_id": true,
            "attribute_id": true,
            "store_id": true,
            "entity_id": true,
            "value": true,
            "source_id": true
        },
        "index": {
            "AMASTY_REPORT_BUILDER_EAV_INDEX_DECIMAL_STORE_ID": true,
            "AMASTY_REPORT_BUILDER_EAV_INDEX_DECIMAL_ATTRIBUTE_ID": true
        },
        "constraint": {
            "PRIMARY": true,
            "CATALOG_PRODUCT_ENTITY_DECIMAL_ENTITY_ID_ATTRIBUTE_ID_STORE_ID_VALue": true
        }
    },
    "amasty_report_builder_eav_index_int_tmp": {
        "column": {
            "value_id": true,
            "attribute_id": true,
            "store_id": true,
            "entity_id": true,
            "value": true,
            "source_id": true
        },
        "index": {
            "AMASTY_REPORT_BUILDER_EAV_INDEX_INT_TMP_ATTRIBUTE_ID": true,
            "AMASTY_REPORT_BUILDER_EAV_INDEX_INT_TMP_STORE_ID": true
        },
        "constraint": {
            "PRIMARY": true,
            "CATALOG_PRODUCT_ENTITY_INT_ENTITY_ID_ATTRIBUTE_ID_STORE_ID_VALUE": true
        }
    },
    "amasty_report_builder_eav_index_decimal_tmp": {
        "column": {
            "value_id": true,
            "attribute_id": true,
            "store_id": true,
            "entity_id": true,
            "value": true,
            "source_id": true
        },
        "index": {
            "AMASTY_REPORT_BUILDER_EAV_INDEX_DECIMAL_TMP_STORE_ID": true,
            "AMASTY_REPORT_BUILDER_EAV_INDEX_DECIMAL_TMP_ATTRIBUTE_ID": true
        },
        "constraint": {
            "PRIMARY": true,
            "CATALOG_PRODUCT_ENTITY_DECIMAL_ENTITY_ID_ATTRIBUTE_ID_STORE_ID_VALUE": true
        }
    },
    "amasty_report_builder_eav_index_decimal_replica": {
        "column": {
            "value_id": true,
            "attribute_id": true,
            "store_id": true,
            "entity_id": true,
            "value": true,
            "source_id": true
        },
        "index": {
            "AMASTY_REPORT_BUILDER_EAV_INDEX_DECIMAL_STORE_ID": true,
            "AMASTY_REPORT_BUILDER_EAV_INDEX_DECIMAL_ATTRIBUTE_ID": true
        },
        "constraint": {
            "PRIMARY": true
        }
    },
    "amasty_report_builder_eav_index_int_replica": {
        "column": {
            "value_id": true,
            "attribute_id": true,
            "store_id": true,
            "entity_id": true,
            "value": true,
            "source_id": true
        },
        "index": {
            "AMASTY_REPORT_BUILDER_EAV_INDEX_INT_ATTRIBUTE_ID": true,
            "AMASTY_REPORT_BUILDER_EAV_INDEX_INT_STORE_ID": true
        },
        "constraint": {
            "PRIMARY": true
        }
    }
}
