<config xmlns:xsi="http://www.w3.org/2001/XMLSchema-instance" xsi:noNamespaceSchemaLocation="urn:magento:framework:Mview/etc/mview.xsd">
    <view id="amasty_reportbuilder_eav_indexer" class="Amasty\ReportBuilder\Model\Indexer\Eav" group="indexer">
        <subscriptions>
            <table name="catalog_product_entity_decimal" entity_column="entity_id" />
            <table name="catalog_product_entity_decimal" entity_column="row_id" />
            <table name="catalog_product_entity_int" entity_column="entity_id" />
            <table name="catalog_product_entity_int" entity_column="row_id" />
        </subscriptions>
    </view>
</config>
