<?xml version="1.0"?>

<schema xmlns:xsi="http://www.w3.org/2001/XMLSchema-instance" xsi:noNamespaceSchemaLocation="urn:magento:framework:Setup/Declaration/Schema/etc/schema.xsd">
    <table name="mobility_quote_sales_force_request" resource="default" engine="innodb" comment="Quote Sales Forece Request Table">
    <column xsi:type="int" name="id" padding="10" unsigned="true" nullable="false" identity="true" comment="ID" />
    <column xsi:type="int" name="quote_id" padding="10" unsigned="true" nullable="false" identity="false" comment="Quote ID" />
    <column xsi:type="int" name="customer_id" padding="10" unsigned="true" nullable="false" identity="false" comment="Customer ID" />
    <column xsi:type="varchar" name="opportunity" nullable="false" length="255" comment="Opportunity" />
    <column xsi:type="varchar" name="quote_name" nullable="false" length="120" comment="Quote Name" />
    <column xsi:type="varchar" name="first_net_type" nullable="false" length="255" comment="first net type" />
    <column xsi:type="varchar" name="mtel_id" nullable="false" length="255" comment="Mtel ID" />
    <column xsi:type="varchar" name="sf_id" nullable="false" length="255" comment="SF ID" />
    <column xsi:type="varchar" name="tracking_no" nullable="false" length="255" comment="tracking no" />
    <column xsi:type="varchar" name="status" nullable="false" length="100" comment="Status" />
    <column xsi:type="varchar" name="attuid" nullable="false" length="80" comment="ATTUID" />
    <column xsi:type="varchar" name="salesforce_opportunity_id" nullable="false" length="80" comment="Salesforce Opportunity ID" />
    <column xsi:type="varchar" name="demo_length" nullable="false" length="80" comment="Length of Demo" />
    <column xsi:type="varchar" name="agency_name" nullable="false" length="120" comment="Name of Agency" />
    <column xsi:type="varchar" name="agency_street" nullable="false" length="255" comment="Agency Address (Street)" />
    <column xsi:type="varchar" name="agency_city" nullable="false" length="80" comment="Agency Address (City)" />
    <column xsi:type="varchar" name="agency_state" nullable="false" length="80" comment="Agency Address (State)" />
    <column xsi:type="varchar" name="agency_zipcode" nullable="false" length="80" comment="Agency Zip Code" />
    <column xsi:type="varchar" name="discipline" nullable="false" length="255" comment="Discipline" />
    <column xsi:type="varchar" name="primary" nullable="false" length="50" comment="Primary" />
    <column xsi:type="varchar" name="customer_email" nullable="false" length="120" comment="Customer Email Address" />
    <column xsi:type="varchar" name="customer_phone" nullable="false" length="80" comment="Customer Phone Number" />
    <column xsi:type="varchar" name="customer_name" nullable="false" length="120" comment="Customer Name" />
    <column xsi:type="varchar" name="opportunity_size" nullable="false" length="120" comment="Opportunity Size" />
    <column xsi:type="varchar" name="opportunity_close_date" nullable="false" length="120" comment="Opportunity Close Date" />
    <column xsi:type="varchar" name="anticipated_demo_start_date" nullable="false" length="120" comment="Anticipated Demo Start Date" />
    <column xsi:type="varchar" name="address_type" nullable="false" length="50" comment="Address Type" />
    <column xsi:type="varchar" name="ship_to_contact" nullable="false" length="120" comment="Ship To Contact" />
    <column xsi:type="varchar" name="address_line_1" nullable="false" length="255" comment="Address Line 1" />
    <column xsi:type="varchar" name="address_line_2" nullable="false" length="255" comment="Address Line 2" />
    <column xsi:type="varchar" name="city" nullable="false" length="80" comment="City" />
    <column xsi:type="varchar" name="state" nullable="false" length="80" comment="State" />
    <column xsi:type="varchar" name="zipcode" nullable="false" length="80" comment="Zip Code" />
    <column xsi:type="varchar" name="mailstop" nullable="false" length="80" comment="Mailstop" />
    <column xsi:type="varchar" name="shipping_phone" nullable="false" length="80" comment="Shipping Phone Number" />    
    <column xsi:type="varchar" name="select_address" nullable="false" length="255" comment="select_address" />
    <column xsi:type="timestamp" name="created_at" nullable="false" default="CURRENT_TIMESTAMP" on_update="false" comment="Created Datetime" />
    <column xsi:type="timestamp" name="updated_at" nullable="false" default="CURRENT_TIMESTAMP" on_update="true" comment="Updated Datetime" />
    <constraint xsi:type="primary" referenceId="PRIMARY">
        <column name="id" />
    </constraint>
</table>
</schema>
