<?xml version="1.0"?>
<config xmlns:xsi="http://www.w3.org/2001/XMLSchema-instance"
        xsi:noNamespaceSchemaLocation="urn:magento:module:Magento_Config:etc/system_file.xsd">
    <system>
        <section id="carriers">
            <group id="ups_carrier" translate="label" type="text" sortOrder="100" showInDefault="1" showInWebsite="1" showInStore="1">
                <label>UPS CARRIER</label>
                <field id="active" translate="label" type="select" sortOrder="10" showInDefault="1" showInWebsite="1" showInStore="1" canRestore="1">
                    <label>Enabled</label>
                    <source_model>Magento\Config\Model\Config\Source\Yesno</source_model>
                </field>
                <field id="title" translate="label" type="text" sortOrder="20" showInDefault="1" showInWebsite="1" showInStore="1" canRestore="1">
                    <label>Title</label>
                </field>
                <field id="name" translate="label" type="text" sortOrder="30" showInDefault="1" showInWebsite="1" showInStore="1" canRestore="1">
                    <label>Method Name</label>
                </field>
                <field id="shipping_cost" translate="label" type="text" sortOrder="40" showInDefault="1" showInWebsite="1" showInStore="1" canRestore="1">
                    <label>Shipping Cost</label>
                    <validate>validate-number validate-zero-or-greater</validate>
                </field>
                <field id="sallowspecific" translate="label" type="select" sortOrder="50" showInDefault="1" showInWebsite="1" showInStore="1" canRestore="1">
                    <label>Ship to Applicable Countries</label>
                    <frontend_class>shipping-applicable-country</frontend_class>
                    <source_model>Magento\Shipping\Model\Config\Source\Allspecificcountries</source_model>
                </field>
                <field id="specificcountry" translate="label" type="multiselect" sortOrder="60" showInDefault="1" showInWebsite="1" showInStore="1" canRestore="1">
                    <label>Ship to Specific Countries</label>
                    <source_model>Magento\Directory\Model\Config\Source\Country</source_model>
                    <can_be_empty>1</can_be_empty>
                </field>
                <field id="showmethod" translate="label" type="select" sortOrder="70" showInDefault="1" showInWebsite="1" showInStore="1">
                    <label>Show Method if not applicable</label>
                    <source_model>Magento\Config\Model\Config\Source\Yesno</source_model>
                    <frontend_class>shipping-skip-hide</frontend_class>
                </field>
                <field id="sort_order" translate="label" type="text" sortOrder="80" showInDefault="1" showInWebsite="1" showInStore="1" canRestore="1">
                    <label>Sort Order</label>
                </field>
            </group>
            <group id="fedex_carrier" translate="label" type="text" sortOrder="110" showInDefault="1" showInWebsite="1" showInStore="1">
                <label>FEDEX CARRIER</label>
                <field id="active" translate="label" type="select" sortOrder="10" showInDefault="1" showInWebsite="1" showInStore="1" canRestore="1">
                    <label>Enabled</label>
                    <source_model>Magento\Config\Model\Config\Source\Yesno</source_model>
                </field>
                <field id="title" translate="label" type="text" sortOrder="20" showInDefault="1" showInWebsite="1" showInStore="1" canRestore="1">
                    <label>Title</label>
                </field>
                <field id="name" translate="label" type="text" sortOrder="30" showInDefault="1" showInWebsite="1" showInStore="1" canRestore="1">
                    <label>Method Name</label>
                </field>
                <field id="shipping_cost" translate="label" type="text" sortOrder="40" showInDefault="1" showInWebsite="1" showInStore="1" canRestore="1">
                    <label>Shipping Cost</label>
                    <validate>validate-number validate-zero-or-greater</validate>
                </field>
                <field id="sallowspecific" translate="label" type="select" sortOrder="50" showInDefault="1" showInWebsite="1" showInStore="1" canRestore="1">
                    <label>Ship to Applicable Countries</label>
                    <frontend_class>shipping-applicable-country</frontend_class>
                    <source_model>Magento\Shipping\Model\Config\Source\Allspecificcountries</source_model>
                </field>
                <field id="specificcountry" translate="label" type="multiselect" sortOrder="60" showInDefault="1" showInWebsite="1" showInStore="1" canRestore="1">
                    <label>Ship to Specific Countries</label>
                    <source_model>Magento\Directory\Model\Config\Source\Country</source_model>
                    <can_be_empty>1</can_be_empty>
                </field>
                <field id="showmethod" translate="label" type="select" sortOrder="70" showInDefault="1" showInWebsite="1" showInStore="1">
                    <label>Show Method if not applicable</label>
                    <source_model>Magento\Config\Model\Config\Source\Yesno</source_model>
                    <frontend_class>shipping-skip-hide</frontend_class>
                </field>
                <field id="sort_order" translate="label" type="text" sortOrder="80" showInDefault="1" showInWebsite="1" showInStore="1" canRestore="1">
                    <label>Sort Order</label>
                </field>
            </group>
        </section>
    </system>
</config>
