<?xml version="1.0"?>

<config xmlns:xsi="http://www.w3.org/2001/XMLSchema-instance"
        xsi:noNamespaceSchemaLocation="urn:magento:framework:Acl/etc/acl.xsd">
    <acl>
        <resources>
            <resource id="Magento_Backend::admin">
                <resource id="AscentDigital_NetsuiteConnector::menu" title="NetSuite Connector Extensions" translate="title" sortOrder="79">
                    <resource id="AscentDigital_NetsuiteConnector::rs_ns_products" title="Netsuite Connector" translate="title" sortOrder="1"/>
                    <resource id="AscentDigital_NetsuiteConnector::rs_cron_jobs" title="Netsuite Connector" translate="title" sortOrder="1"/>
                </resource>
            </resource>
        </resources>
    </acl>
</config>