<?xml version="1.0"?>

<config xmlns:xsi="http://www.w3.org/2001/XMLSchema-instance" xsi:noNamespaceSchemaLocation="urn:amasty:module:Amasty_ReportBuilder:etc/entity_scheme.xsd">
    <amasty_report_builder_entities>
        <entity name="catalog_category" eav="true">
            <title>Catalog Category</title>
            <main_table>catalog_category_entity</main_table>

            <columns>
                <column name="entity_id" primary="true">
                    <title>Category ID</title>
                </column>
                <column name="name" columnType="eav">
                    <title>Category Name</title>
                </column>
                <column name="attribute_set_id">
                    <hidden>true</hidden>
                </column>
            </columns>

            <relations>
                <relation name="catalog_product" type="table">
                    <column>entity_id</column>
                    <reference_column>entity_id</reference_column>
                    <relation_table>catalog_category_product</relation_table>
                    <relation_column>category_id</relation_column>
                    <relation_reference_column>product_id</relation_reference_column>
                    <relationship_type>many_to_many</relationship_type>
                </relation>
            </relations>
        </entity>
    </amasty_report_builder_entities>
</config>
