<?xml version="1.0"?>

<config xmlns:xsi="http://www.w3.org/2001/XMLSchema-instance" xsi:noNamespaceSchemaLocation="urn:amasty:module:Amasty_ReportBuilder:etc/entity_scheme.xsd">
    <amasty_report_builder_entities>
        <entity name="stock_status">
            <title>Product Stock</title>
            <main_table>amasty_report_builder_stock_index</main_table>

            <columns>
                <column name="product_id" primary="true" />
            </columns>

            <relations>
                <relation name="catalog_product" type="column">
                    <column>product_id</column>
                    <reference_column>entity_id</reference_column>
                    <relationship_type>one_to_one</relationship_type>
                </relation>
            </relations>
        </entity>
    </amasty_report_builder_entities>
</config>
