<?xml version="1.0" ?>
<config xmlns:xsi="http://www.w3.org/2001/XMLSchema-instance" xsi:noNamespaceSchemaLocation="urn:magento:framework:Acl/etc/acl.xsd">
	<acl>
		<resources>
			<resource id="Magento_Backend::admin">
				<resource id="Custom_AdvanceExchange::advanced_exchange" title="advanced_exchange" sortOrder="10">
					<resource id="Custom_AdvanceExchange::advanced_exchange_save" title="Save advanced_exchange" sortOrder="10"/>
					<resource id="Custom_AdvanceExchange::advanced_exchange_delete" title="Delete" sortOrder="20"/>
					<resource id="Custom_AdvanceExchange::advanced_exchange_update" title="Update advanced_exchange" sortOrder="30"/>
					<resource id="Custom_AdvanceExchange::advanced_exchange_view" title="View advanced_exchange" sortOrder="40"/>
				</resource>
			</resource>
		</resources>
	</acl>
</config>
